metric,value
share_reports_2011_2012,0.46020761245674746
max_single_year_share,0.27335640138408307
